<?xml version="1.0" encoding="UTF-8"?>
<project-private xmlns="http://www.netbeans.org/ns/project-private/1">
    <editor-bookmarks xmlns="http://www.netbeans.org/ns/editor-bookmarks/2" lastBookmarkId="0"/>
    <open-files xmlns="http://www.netbeans.org/ns/projectui-open-files/2">
        <group>
            <file>file:/G:/web/htdocs/jewellery/resources/views/frontend/header.blade.php</file>
            <file>file:/G:/web/htdocs/jewellery/app/Http/Controllers/frontend/HomeController.php</file>
            <file>file:/G:/web/htdocs/jewellery/routes/web.php</file>
            <file>file:/G:/web/htdocs/jewellery/resources/views/frontend/contact.blade.php</file>
        </group>
    </open-files>
</project-private>
